{"cameraMode":{"drawMode":0,"name":"Shaded","section":"Shading Mode"},"sceneLighting":true,"audioPlay":false,"sceneViewState":{"showFog":true,"showMaterialUpdate":false,"showSkybox":true,"showFlares":true,"showImageEffects":true,"showParticleSystems":true},"in2DMode":false,"pivot":{"x":80.62335968017578,"y":22.577425003051759,"z":-30.27823829650879},"rotation":{"x":-0.5171167254447937,"y":-0.284352570772171,"z":0.18724775314331056,"w":-0.7853288650512695},"size":5.917903423309326,"orthographic":false}