{"cameraMode":{"drawMode":0,"name":"Shaded","section":"Shading Mode"},"sceneLighting":true,"audioPlay":false,"sceneViewState":{"showFog":true,"showMaterialUpdate":false,"showSkybox":true,"showFlares":true,"showImageEffects":true,"showParticleSystems":true},"in2DMode":false,"pivot":{"x":42.705204010009769,"y":27.20441246032715,"z":-16.947338104248048},"rotation":{"x":0.29629242420196535,"y":0.6542164087295532,"z":-0.3114522397518158,"w":0.6223992705345154},"size":1.2329835891723633,"orthographic":false}