{"cameraMode":{"drawMode":0,"name":"Shaded","section":"Shading Mode"},"sceneLighting":true,"audioPlay":false,"sceneViewState":{"showFog":true,"showMaterialUpdate":false,"showSkybox":true,"showFlares":true,"showImageEffects":true,"showParticleSystems":true},"in2DMode":false,"pivot":{"x":-40.911468505859378,"y":49.542503356933597,"z":-103.40435028076172},"rotation":{"x":-0.1625288724899292,"y":-0.05318308621644974,"z":0.009256972931325436,"w":-0.9853504300117493},"size":2.669269561767578,"orthographic":false}