{"cameraMode":{"drawMode":0,"name":"Shaded","section":"Shading Mode"},"sceneLighting":false,"audioPlay":false,"sceneViewState":{"showFog":true,"showMaterialUpdate":false,"showSkybox":false,"showFlares":true,"showImageEffects":true,"showParticleSystems":true},"in2DMode":false,"pivot":{"x":-57.01300048828125,"y":3.4693074226379396,"z":-121.64974975585938},"rotation":{"x":0.035450320690870288,"y":0.692129909992218,"z":0.0340738445520401,"w":-0.7200972437858582},"size":1.2329835891723633,"orthographic":false}