{"cameraMode":{"drawMode":0,"name":"Shaded","section":"Shading Mode"},"sceneLighting":true,"audioPlay":false,"sceneViewState":{"showFog":true,"showMaterialUpdate":false,"showSkybox":true,"showFlares":true,"showImageEffects":true,"showParticleSystems":true},"in2DMode":false,"pivot":{"x":37.19108963012695,"y":42.461185455322269,"z":-75.45234680175781},"rotation":{"x":-0.32694876194000246,"y":-0.1212812289595604,"z":0.042948734015226367,"w":-0.9363880157470703},"size":3.1130354404449465,"orthographic":false}