{"cameraMode":{"drawMode":0,"name":"Shaded","section":"Shading Mode"},"sceneLighting":true,"audioPlay":false,"sceneViewState":{"showFog":true,"showMaterialUpdate":false,"showSkybox":true,"showFlares":true,"showImageEffects":true,"showParticleSystems":true},"in2DMode":false,"pivot":{"x":49.06705093383789,"y":23.83330535888672,"z":-51.022178649902347},"rotation":{"x":0.28046414256095889,"y":-0.08164389431476593,"z":0.023952865973114969,"w":0.9561891555786133},"size":3.0,"orthographic":false}