{"cameraMode":{"drawMode":0,"name":"Shaded","section":"Shading Mode"},"sceneLighting":true,"audioPlay":false,"sceneViewState":{"showFog":true,"showMaterialUpdate":false,"showSkybox":true,"showFlares":true,"showImageEffects":true,"showParticleSystems":true},"in2DMode":false,"pivot":{"x":35.80024719238281,"y":6.050178527832031,"z":18.392494201660158},"rotation":{"x":0.2110552340745926,"y":0.16996446251869203,"z":-0.037294354289770129,"w":0.9618642330169678},"size":39.229129791259769,"orthographic":false}